"orden";"grupo";"dataset";"question_id";"documento";"tipo_pregunta";"dificultad";"pregunta";"respuesta_historica";"decision_clinica_final";"completitud_final";"citas_final";"observaciones_previas";"resultado_david";"evidencia_y_respuesta_propuesta";"causa";"requiere_revision_semfyc";"notas"
"1";"incorrect";"semfyc_eval_2026_v4_01";"semfyc_eval_2026_v4_01_S0212656724002701_704acc3f6bb6";"S0212656724002701";"factual";"low";"¿Cuál es el cáncer más frecuente en España en número de nuevos casos y cuántos casos nuevos se registran?";"El cáncer más frecuente en España en número de nuevos casos es el cáncer colorrectal, con 44.294 nuevos casos en 2022. [Guía: Recomendaciones PAPPS, Página: 2] **Fuentes consultadas:** - [Guía: Recomendaciones PAPPS, Página: 2]";"incorrect";"incomplete";"no";"Los datos son de 2022 y las citas son antiguas, pero aparte de eso las respuesta que da son incorrectas | Los datos de la referencia son de 2022. Pertenecen al Global Cancer Observatory (GCO) de la OMS, que ya tiene datos de 2024.";"El cáncer más frecuente en España en número de nuevos casos es el colorrectal, con 39.421 casos nuevos.";"En la página 4 de **S0212656724002701 hay una tabla con la incidencia del cancer en España, el docuemento porta datos de 2024 por tanto es información más actuliazada.**";"Documento antiguo";"no";"El error estaba en que cogía el dato de un docuemtno más antiguo pero ahora lo coge bien con uno de datos de 2024 (teoricamente dicho docuemtno habría sido añadido posteriormente de haber hecho la pregunta que se revisa pero antes de que se haga la revisión)."
"2";"incorrect";"semfyc_eval_2026_v4_01";"semfyc_eval_2026_v4_01_S0212656724002713_091b552f359a";"S0212656724002713";"treatment";"low";"¿Qué pauta de vacuna frente al VPH corresponde a una chica de 15 años no vacunada previamente y qué intervalo se usa para la vacuna nonavalente?";"Se administran **2 dosis** de vacuna frente al VPH en chicas de 15 años no vacunadas previamente, con una separación de **al menos 6 meses**. [Guía: Guía de Actuación 22, Página: 27] Para la **vacuna nonavalente (VPH9)**, la pauta de **2 dosis** es a los **0 y 5-13 meses**. [Guía: Recomendaciones PAPPS, Página: 8] **Fuentes consultadas:** - [Guía: Guía de Actuación 22, Página: 27] - [Guía: Recomendaciones PAPPS, Página: 8]";"incorrect";"incomplete";"no";"Las dos bibiografias referenciadas principales son correctas, pero las recomendaciones son distintas según cada una de ellas; sin embargo solo ha cogido una y no ha comentado la otra. Según (1), tal y como pone a pie de tabla 3 de la pag 1879, ""Si se inicia la vacunación a partir de los 15 años se administrarán 3 dosis con pauta 0, 1-2, 6 meses (según vacuna utilizada)"" , pero según la referencia (2) tabla 8, pagina 8 ""Captación de las mujeres no vacunadas hasta los 18 años y de varonesa no vacunados a partir de la fecha de introducción en el calendario de vacunación. 0 y 6 meses"". Como la referencia (1) es previa a 2022 y la (2) usa referencia de 2024, tomaría la (2) como correcta, pero entiendo que si referencia las 2, debería nombrar las dos | La respuesta es incorrecta, no se corresponde con el calendario vacunal en vigor en el momento de la edición de la guía de actuación. El formato que da de la cita es ilegible. Las citas incluyen informacón de otras vacunas, lo que confunde. Se incluyen referencias sin relación. esta recomendación es anticuada, porque cambió en 2026. El CIT dice: Virus del Papiloma Humano (VPH) Vacunación a los 12 años: Se administrará 1 dosis a niños y niñas. Vacunación después de los 12 y hasta los 18 años: Captación de las mujeres y hombres no vacunados hasta los 18 años (incluidos) con pauta de 1 dosis. Esta captación se podrá realizar progresivamente en hombres.";"A una chica de 15 años no vacunada previamente le corresponde iniciar la vacunación frente al VPH con **3 dosis**; en las personas de **15 a 25 años** se pasa de una pauta de 3 a 2 dosis, pero para las personas de **26 y más años** y en aquellas con inmunosupresión se mantiene la pauta de 3 dosis.

Para la **vacuna nonavalente (VPH9)**, el intervalo indicado es **0 y 5-13 meses** en la pauta de 2 dosis, y **0, 2 y 6 meses** en la pauta de 3 dosis.";"Solo me da como fuente citada la página 8 del documento **S0212656724002713, la respuesta es un poco liosa porque te responde sobre dos casos diferentes sin dejar claro del todo cual es la respuesta a tu pregunta inicial.**";"Creo que la guía de forma inicial no lo deja clao del todo y por eso no sabe dar una respuesat clara y concisa.";"si, para determianr cual es el caso correcto.";"En la guía en el caso que se pregunta dice que en casos de edades entre 15 y 25 años se debe apsar de 3 a 2 dosis pero no especifican que ocurre si ya ha habido alguna vacunación previa, asumo que es en caso de qeu no haya tenido ninguna antes y por tanto la respuesta correcta debería ser 2 dosis. La segunda parte de la pregunta está de forma clara en la guía y por tanto la sabe responder sin problemas."
"3";"incorrect";"semfyc_eval_2026_v4_01";"semfyc_eval_2026_v4_01_S0212656724002737_0a3e5313b779";"S0212656724002737";"workflow";"medium";"¿Qué infecciones hay que crib ar en la atención preconcepcional y en qué grupos de pacientes se recomienda cada una?";"En la atención preconcepcional se recomienda el cribado de las siguientes infecciones y en estos grupos de pacientes: - **Clamidia y gonorrea:** en **mujeres sexualmente activas con alto riesgo de infección**. [Guía: S0212656724002737, Página: 3] - **Enfermedad de Chagas:** en **mujeres en edad reproductiva nacidas o que vivieron en países endémicos de América Central o del Sur**. [Guía: S0212656724002737, Página: 3] - **Hepatitis B:** en **adolescentes y adultos con alto riesgo de infección**. [Guía: S0212656724002737, Página: 3] - **Hepatitis C:** en **adultos ≥ 18 años**. [Guía: S0212656724002737, Página: 3] - **Sífilis:** en **pacientes con alto riesgo de infección**. [Guía: S0212656724002737, Página: 3] - **VIH:** en **pacientes ≥ 15 años**. [Guía: S0212656724002737, Página: 3] Además, para **VHS** se indica **no realizar cribado**. Si hay historia de infección previa, se podría usar terapia antiviral supresora para evitar la transmisión vertical. [Guía: S0212656724002737, Página: 3] **Fuentes consultadas:** - [Guía: S0212656724002737, Página: 3]";"incorrect";"incomplete";"partial";"Falta informacion sobre rubeola, varicela, tetanos, hepatitis B , el cribado de VIH preconcepcional no es a todas las muejres mayores de 15 sino en poblacion de riesgo. | En la tabla 2 se explica cuáles son los grupos de riesgo, que es una información muy relevante. Además sobre citar la tabla 1, que no responde a esta pregunta.";"En la atención preconcepcional, se recomienda el cribado de las siguientes infecciones y en estos grupos de pacientes:

- **Clamidia y gonorrea:** en **mujeres sexualmente activas con alto riesgo de infección**.
- **Enfermedad de Chagas:** en **mujeres en edad reproductiva nacidas o que vivieron en países endémicos de América Central o del Sur**.
- **Hepatitis B:** en **adolescentes y adultos con alto riesgo de infección**.
- **Hepatitis C:** en **adultos ≥ 18 años**.
- **Sífilis:** en **pacientes con alto riesgo de infección**.
- **VIH:** en **pacientes ≥ 15 años**.
- **VHS:** **no realizar cribado**.";"La única cita es la página 33 de **S0212656724002737, al parecer la respuesta no está completa pues faltan algunas infecciones (rubeolda, varicela, hepatitits...).**";"La causa es que directamente no aparecen en la propia guía, hay una tabla de donde está sacando los daos y ahí directamente no aparece nada dobre esas otras enfermedades. Salen más abajo en otra tabla que aunque si que hablan del cribado, en el titulo de la tabla noo pone que vayan a hablar de ello, solo dice ""Recomendaciones de vacunación en la atención preconcepcional"", a diferencia de la tabla de donde si que captó bien los datos qeu pone ""Recomendaciones para el cribado de enfermedades infecciosas en la atención preconcepcional"", también es posible que exista uun error ya que auqneue la rubeola y demás sean enfermedades inffecciosas y la pregunta pregunte por ellas en el titulo de la tabla no pone que se traten de enfermedades infecciosas por ello no me sorprendería que apra generar la respuesta no las haya tomado como tal.";"si";"Es importante que los titulos de las tablas reflejen bien el contenido qeu habrá dentro de ellas."
"4";"incorrect";"semfyc_eval_2026_v4_01";"semfyc_eval_2026_v4_01_1_6b3f20cf3281";"Guía de Actuación 1";"differential";"medium";"Un paciente presenta coloración gris-azulada en la piel y toma minociclina. ¿Qué causas de esa coloración debo considerar además de los fármacos?";"Además de los fármacos, en la coloración gris-azulada debes considerar **metales pesados** como **polvo de plata (argiria), polvo de oro, bismuto y mercurio**, así como la **ocronosis (alcaptonuria)**, una enfermedad hereditaria que cursa con **orina oscura y artropatía degenerativa**. [Guía: Guía de Actuación 1, Página: 4] **Fuentes consultadas:** - [Guía: Guía de Actuación 1, Página: 4]";"incorrect";"incomplete";"partial";"En el texto, cita las casuas de la coloración gris azulada, la primera y más relevante por frecuencia y gravedad, la cianosis. La respuesta no la cita. | Además de los trastornos pigmentarios, la coloración gris-azulada puede deberse a otras causas (cianosis)";"Además de los fármacos, en la coloración gris-azulada debes considerar:

- **Metales pesados**: polvo de plata (argiria), polvo de oro, bismuto y mercurio.
- **Ocronosis (alcaptonuria)**: enfermedad hereditaria que cursa con orina oscura y artropatía degenerativa.";"La evidencia es la página 4 de **Guía de Actuación 1, le falta decir la Cianosis como la causa más probable y con mayor gravedad.**";"La respuesta que ha dado aunque forma parte del apartado de Coloración gris-azulada, no responde con Cianosis porque directamente recurre al punto de transtornos pigmentarios.";"No";"Creo que como en al guía aparecen en puntos seguidos pero diferentes no lo ha sabido captar bien."
"5";"incorrect";"semfyc_eval_2026_v4_01";"semfyc_eval_2026_v4_01_13_768598766c2f";"Guía de Actuación 13";"referral";"low";"¿Cuándo hay que derivar estos casos a urgencias pediátricas y cuándo a un subespecialista?";"Casos agudos a **urgencias pediátricas del hospital de referencia**; los **cuadros crónicos** al **subespecialista** (neurología pediátrica, unidad de nutrición, unidad de metabolopatías, etc.). [Guía: Guía de Actuación 13, Página: 6] En el algoritmo del exantema, la **derivación a urgencias pediátricas hospitalarias** se indica ante **petequias con características clínicas de riesgo**; el resto se orienta a **control en APS** o **derivación según sospecha**. [Guía: Guía de Actuación 13, Página: 54] En el mismo algoritmo, también se indica **urgencias pediátricas hospitalarias** para los exantemas **petequiales con fiebre** y signos de alarma como **afectación del estado general, somnolencia, irritabilidad, rigidez de nuca, petequias > 2 mm, distribución generalizada y/o rápido aumento en número o tamaño**. [Guía: Guía de Actuación 13, Página: 54] En los vómitos, la **derivación urgente** es para **vómitos agudos con signos de alarma** y para **vómitos en el recién nacido**; la **interconsulta a pediatría** es para **vómitos mantenidos con afectación del estado nutricional**. [Guía: Guía de Actuación 13, Página: 30] En las convulsiones en la infancia, si el niño presenta una **convulsión activa** se señala como **prioritario el tratamiento urgente para estabilizarlo**. [Guía: Guía de Actuación 13, Página: 41] En caso de **exantemas petequiales con fiebre**, se recomienda **derivación urgente al hospital** para realizar pruebas complementarias y descartar, en primer lugar, la enfermedad meningocócica invasora. [Guía: Guía de Actuación 13, Página: 56] **Fuentes consultadas:** - [Guía: Guía de Actuación 13, Página: 6] - [Guía: Guía de Actuación 13, Página: 54] - [Guía: Guía de Actuación 13, Página: 30] - [Guía: Guía de Actuación 13, Página: 41] - [Guía: Guía de Actuación 13, Página: 56]";"incorrect";"complete";"yes";"Esta mal formulada la pregunta. Porque si se refiere a cuadros anteriores de errores del metabolismo bastaría la explicación dada en unidad 13 de errores del metabolismo congénitos, pero el resto de respuestas corresponden a situaciones de urgencias hospitalarias y no están todas y/ derivación a otras especialidades. No especifica qué tipo de problema o caso, luego no se puede contestar así la pregunta. | Poca precisión en la pregunta respecto a los casos a los que se refiere.";"La derivación depende del tipo de caso:

- **Casos agudos**: se derivan a **urgencias pediátricas del hospital de referencia**.
- **Cuadros crónicos**: se derivan al **subespecialista** correspondiente, como neurología pediátrica, unidad de nutrición o unidad de metabolopatías.

En el contexto de los **errores congénitos del metabolismo**, además se indica que:

- El **deterioro clínico inexplicable de un neonato** obliga a descartar un ECM.
- En las **situaciones de emergencia**, hay que investigar los ECM tratables y congelar muestras de orina y plasma para estudios ulteriores.";"La evidencia está en la página 6 de la **Guía de Actuación 13 y me parece una respuesta aceptable para la poca precisión de la pregunta.**";"La pregunta es poco concreta.";"no";"No estoy seguro de la respuesta esperada a esta pregunta."
"6";"incorrect";"semfyc_eval_2026_v4_01";"semfyc_eval_2026_v4_01_16_5c09b98fbef2";"Guía de Actuación 16";"case";"medium";"Tengo un paciente con una enfermedad crónica que consulta por un nuevo problema de salud. ¿A qué profesional debería acudir primero y cuándo entraría el médico de familia?";"La atención de las personas con un problema de salud crónico debe plantearse como una actividad de enfermería y de la trabajadora social, y el médico de familia actuaría como consultora cuando el caso lo requiera. [Guía: Guía de Actuación 16, Página: 7] En la agenda de enfermería, esta debe ser una de las puertas de entrada normalizada al sistema de salud y siempre la primera puerta para quienes acuden por primera vez a inscribirse en el EAP; además, para las situaciones consensuadas, los pacientes pueden acceder directamente a ella. [Guía: Guía de Actuación 16, Página: 6]";"incorrect";"incomplete";"partial";"La pregunta hace referencia a atención de nuevos problemas de salud en el paciente con enfermedad crónica. La contestación ha tomado parte de una frase que estaba referenciada a la atención domiciliaria del paciente con enfermedad crónica, y no a la pregunta que no referencia en ningún momento atención domiciliaria.";"En la agenda de enfermería, enfermería debe ser una de las puertas de entrada normalizada al sistema de salud y siempre la primera puerta para quienes acuden por primera vez a inscribirse en el EAP; además, para la cronicidad, enfermería debe asumir autónomamente las actividades preventivas, la promoción de la salud y ser referente directo de las personas con un problema de salud crónico, quedando los/las médicos/as de familia como consultores en caso de descompensación o nuevos problemas de salud. [1]

En la atención domiciliaria de personas que padecen un problema de salud crónico, se plantea como una actividad de la enfermera y de la trabajadora social, y la médico de familia actuaría como consultora cuando el caso lo requiera. [2]";"La evidencia es **Guía de Actuación 16**- Pág. 1488 · PDF 6 y **Guía de Actuación 16**- Pág. 1489 · PDF 7.";"Por falta de la información concreta en la guía, la respuesta es poco concreta y además mezcla con texto que hace referencia a la atención domiciliaria, la cual no se menciona en la pregunta.";"si, solo si quieren puntualizar de forma clara qué hacer en ese caso porque se puede entender entre lineas que todos os casos de primeras van a caer a enfemería pero no se dice expresamente.";""
"7";"incorrect";"semfyc_eval_2026_v4_01";"semfyc_eval_2026_v4_01_S0212656724002701_c71a245712a7";"S0212656724002701";"no_answer";"high";"¿Qué tipo de pregunta sería la derivación o el tratamiento inicial de un paciente con sospecha de cáncer de páncreas?";"Si el paciente presenta **dolor abdominal con pérdida de peso en ≥ 60 años**, se debe **considerar TC antes de 2 semanas** y, **si no está disponible**, realizar **ecografía urgente**. [Guía: Recomendaciones PAPPS, Página: 14] Los **síntomas de presentación del cáncer de páncreas** incluyen: **diarrea, dolor de espalda, dolor abdominal, náuseas, vómitos, estreñimiento y diabetes de nueva aparición**. [Guía: Recomendaciones PAPPS, Página: 14]";"incorrect";"incomplete";"yes";"No entiendo la pregunta. Creo que está mal formulada e induce a error. | Pregunta mal formulada. En base a la respuesta propuesta, la pregunta podría ser: ¿Qué signos y síntomas nos harían sospechar un cáncer de páncreas y cómo deberíamos actuar?";"En el contexto aportado, para **cáncer de páncreas** la recomendación es: **“Dolor abdominal con pérdida de peso en ≥ 60 años, considerar TC antes de 2 semanas, y en caso de no disponibilidad, ecografía urgente”**. [1]

Además, en la **Guía de Actuación 21** se indica que, ante un **“dolor abdominal con pérdida de peso en ≥ 60 años”**, se debe **considerar TC antes de 2 semanas** y, si no está disponible, **ecografía urgente**. [2]";"**Guía de Actuación 21**- Pág. 1808 · PDF 58, **S0212656724002701**- Pág. 14 y **Guía de Actuación 21**- Pág. 1807 · PDF 57.";"Creo que la pregunta es confusa e induce el error de la búsqueda.";"no.";"No contaría esta como un fallo porque creo que la pregunta está mal formulada."
"8";"incorrect";"semfyc_eval_2026_v4_01";"semfyc_eval_2026_v4_01_3_a9c1b38a003b";"Guía de Actuación 3";"workflow";"medium";"Si el dolor torácico tiene características pleuríticas o pericárdicas y el inicio fue súbito, ¿qué pruebas se recomiendan y qué diagnósticos orientan ese tramo del algoritmo?";"Si el dolor torácico es de tipo pleurítico o pericárdico y el inicio fue súbito, el algoritmo recomienda realizar **Rx de tórax y ECG**. Ese tramo orienta a **pericarditis, neumotórax o TEP**, con **derivación urgente o tratamiento específico** según el caso. [Guía: Guía de Actuación 3, Página: 5] [Guía: Guía de Actuación 3, Página: 9] **Fuentes consultadas:** - [Guía: Guía de Actuación 3, Página: 5] - [Guía: Guía de Actuación 3, Página: 9]";"incorrect";"complete";"yes";"La pregunta no termina de quedar clara porque utiliza el concepto de tramo. La persona que lea esta pregunta debería de tener el algoritmo delante. Dejaría así la pregunta: Si el dolor torácico tiene características pleuríticas o pericárdicas y el inicio fue súbito, ¿qué pruebas se recomiendan y qué diagnósticos? | Pregunta mal formulada. No creo que sea correcto preguntar sobre un tramo del algoritmo que se supone el usuario no conoce";"Si el dolor torácico es de tipo pleurítico o pericárdico y el inicio fue súbito, el algoritmo indica realizar **radiografía de tórax y ECG**. Ese tramo orienta a **pericarditis, neumotórax y TEP**, con **derivación urgente o tratamiento específico** según el caso.";"**Guía de Actuación 3**- Pág. 5";"Creo que la segunda parte de la pregunta no la haría un paciente y además no creo que el chat esté preparado para responder eso, por otro lado, a la parte anterior de la pregunta la responde de forma correcta.";"no";"Habría que revisar por encima cómo son las preguntas que se hacen en estos testings pues hay partes que no parecen las propias que le haría un paciente a una herramienta de salud."
"9";"incorrect";"semfyc_eval_2026_v4_01";"semfyc_eval_2026_v4_01_15_3b791e0d6f5b";"Guía de Actuación 15";"treatment";"low";"¿Qué tratamiento de elección se recomienda para una fiebre tifoidea y cuál es el fármaco de primera elección para una rickettsiosis o borreliosis?";"Para la **fiebre tifoidea**, el algoritmo de infecciones importadas la sitúa como uno de los diagnósticos a considerar en el síndrome febril agudo inespecífico, pero **en el contexto aportado no aparece su tratamiento de elección**. [Guía: Guía de Actuación 15, Página: 7] Para **rickettsiosis o borreliosis**, el contexto solo indica que ambas se consideran en distintos síndromes del viajero y en la tabla de signos-guía, pero **no se especifica el fármaco de primera elección**. [Guía: Guía de Actuación 15, Página: 4]";"incorrect";"incomplete";"no";"Tabla 4, “Tratamientos de elección”, de la página 1418 de la guía de actuación: Fiebre tifoidea: ceftriaxona 2 g/24 h durante 10 días. Rickettsiosis/borreliosis: doxiciclina 100 mg/12 h durante 10 días. | La respuesta no respondea la pregunta La respuesta correcta aparece en otra referencia";"Para la **fiebre tifoidea**, la tabla de tratamiento de las infecciones importadas indica como tratamiento antibiótico de elección **ciprofloxacino 500 mg/12 h durante 5 días**; como alternativas figuran **cotrimoxazol 160/800 mg/12 h durante 5 días** y **azitromicina 500 mg/24 h durante 3 días**. [1]

Para la **rickettsiosis o borreliosis**, el contexto solo indica que en el síndrome febril agudo del viajero deben considerarse dentro de los diagnósticos diferenciales y, en el caso de la borreliosis, que la serología es demostrativa pero tardía y no debe hacerse tratamiento basado solo en hallazgos serológicos; no aporta el fármaco de primera elección para estas entidades. [2] [Guía: Guía de Actuación 25, Página impresa: 2442]

Para **rickettsiosis o borreliosis**, el contexto disponible **no incluye el tratamiento de primera elección** de forma explícita.";"**Guía de Actuación 4**- Pág. 54 y **Guía de Actuación 15**- Pág. 7.";"Lo que ha respondido no se corresponde con lo que se le pregunta, la duad está en si en la docuemtnación existe la duda a esa pregunta pues es raro que existiendo la información primero me diga que no la encunetra y depués se invente la respuesta con términos parecidos.";"si, revisar si en algún lugar d ela literatura que alimenta los datos de la herramienta se menciona la respuesta a la pregunta.";"La primera vez que le he preguntado me ha dicho que no encontraba la respuesta en la documentación que tiene. Lo que he puesto ahora en resultado_david es lo que ha salido la segunda vez que le he preguntado, reiniciando la página para que perdiera el contexto). El mensaje exacto era: Para **fiebre tifoidea**, el fragmento del algoritmo solo la menciona como diagnóstico a considerar en el síndrome febril agudo del viajero, pero **no aporta el tratamiento de elección**.

Para **rickettsiosis o borreliosis**, el contexto disponible **no incluye el tratamiento de primera elección** de forma explícita."
"10";"incorrect";"semfyc_eval_2026_v4_01";"semfyc_eval_2026_v4_01_6_6a30a66ad9b5";"Guía de Actuación 6";"workflow";"medium";"Llega a consulta una mujer con síntomas de ansiedad sin causa aparente. ¿Qué pruebas hay que pedir para descartar una causa médica antes de etiquetarlo como un trastorno de ansiedad primario?";"Para descartar una causa médica antes de considerar un trastorno de ansiedad primario, el contexto indica solicitar una **analítica de sangre** con **hemograma, VSG, pruebas hepáticas, función renal, calcio, iones y hormonas tiroideas**, además de **orina y ECG**. [Guía: Guía de Actuación 6, Página: 7] En el abordaje inicial también se menciona que puede ser necesario hacer una **analítica general** con **hemograma, VSG, pruebas hepáticas, función renal, calcio, iones y hormonas tiroideas** para descartar patologías subyacentes. [Guía: Guía de Actuación 6, Página: 5] **Fuentes consultadas:** - [Guía: Guía de Actuación 6, Página: 7] - [Guía: Guía de Actuación 6, Página: 5]";"incorrect";"incomplete";"yes";"Creo que la pregunta no está bien planteada porque no es necesario indicar un estudio de laboratorio clínico u otras pruebas para orientar el diagnóstico de ansiedad. Y la respuesta interpreta mal el algoritmo porque aconseja pruebas en el caso que se sospeche una enfermedad pero solo en este supuesto. | Respuesta incompleta.";"Ante un paciente con síntomas de ansiedad, el abordaje inicial incluye anamnesis, exploración física y pruebas complementarias. Para descartar una causa médica, la guía indica realizar una **analítica de sangre** con **hemograma, VSG, pruebas hepáticas, función renal, calcio, iones y hormonas tiroideas**, además de **orina y ECG**. [1] [2]";"**Guía de Actuación 6**- Pág. 5 y **Guía de Actuación 6**- Pág. 7.";"No sé cual sería la respuesta correcta a la prregunta pero leyendo la pregunta y la guía, me parece que resume bastante bien lo que pone en ella. Pues en la parte dada de observaciones previas se dice que no es necesario indicar un estudio de laboratorio clínico u otras pruebas para orientar el diagnóstico de ansiedad. Pero en la literatura pone que eso se hace debido a alta prevalencia de otras patologías asociadas a la ansiedad puede ser necesario realizar una analítica general.";"no.";"Responde a lo que se le pregunta, otra cosa será que la guía no esté correcta."
"11";"incorrect";"semfyc_eval_2026_v4_01";"semfyc_eval_2026_v4_01_9_adb085fece80";"Guía de Actuación 9";"differential";"medium";"¿Qué orienta la prueba de los tres vasos cuando la sangre aparece solo en el tercer vaso, o cuando los tres vasos salen teñidos por igual?";"Cuando la sangre aparece solo en el tercer vaso, la prueba orienta a **hematuria terminal por procedencia de uretra posterior y próstata**. [Guía: Guía de Actuación 9, Página: 7] Cuando los tres vasos salen teñidos por igual, la prueba orienta a **hematuria total de origen renal**. [Guía: Guía de Actuación 9, Página: 7] **Fuentes consultadas:** - [Guía: Guía de Actuación 9, Página: 7]";"incorrect";"complete";"yes";"Cuando la sangre aparece solo en el tercer vaso, la prueba orienta a hematuria terminal por procedencia vesical, no de próstata o uretra posterior como se indica en la respuesta.";"Cuando la sangre aparece solo en el tercer vaso, orienta a **hematuria terminal**, compatible con **hematuria de uretra posterior y próstata**. Cuando los tres vasos salen teñidos por igual, orienta a **hematuria total**, compatible con **hematuria renal**.";"**Guía de Actuación 9**- Pág. 7";"La respuesta a esta pregunta aparece en formato de imagen, desconozcomo cómo se ha entrenado el modelo para poder reconocerlo.";"no";"Supongo que ha tratado de responder a la pregunta con texto de la misma página donde está la foto que responde a la pregunta."
"12";"incorrect";"semfyc_eval_2026_v4_01";"semfyc_eval_2026_v4_01_S0212656724002658_c802d6e73275";"S0212656724002658";"workflow";"medium";"Paciente de 67 años, aparentemente sano, fumador, sin enfermedad vascular conocida y con SCORE2 del 6%. ¿Qué objetivos de prevención adicionales y de presión arterial/LDL se plantean?";"En una persona aparentemente sana de 67 años, se estima el riesgo CV a 10 años con SCORE2. Para el grupo de 50–69 años, un SCORE2 de **5 a <10%** lleva a **considerar modificadores de riesgo, el riesgo CV de por vida, el beneficio del tratamiento y las preferencias del paciente**. En ese escenario, los objetivos de prevención adicionales son **PAS <140 a 130 mmHg si se tolera** y **C-LDL <2.6 mmol/L (<100 mg/dL)**. [Guía: Recomendaciones PAPPS, Página: 6] **Fuentes consultadas:** - [Guía: Recomendaciones PAPPS, Página: 6]";"incorrect";"incomplete";"partial";"respuesta imprecisa, ambigua, que se olvida de retirada de tabaco y que no filia el riesgo que en este caso es alto y que segun tabla de guia de actuación el objetivo de LDL es <70";"En una persona aparentemente sana de 67 años, se usa SCORE2 para el grupo de 50–69 años; si el riesgo es de 5 a <10%, se debe considerar el modificador de riesgo, el riesgo cardiovascular de por vida, el beneficio del tratamiento y las preferencias del paciente. Si el SCORE2 es de 6%, eso encaja en ese rango y se plantean objetivos de PAS <140 a 130 mmHg si se tolera y C-LDL <2,6 mmol/L (<100 mg/dL).";"**S0212656724002658**- Pág. 6";"La respuesta a la pregunta aparece en un esquema y por ello puede haber dificultad a la hora de generar la rspuesta pues se ha dejado el cuadro verde arriba del todo sin comentar donde se menciona el dejar de fumar.";"si, no por errores pero yo recomendaría sobre todo si se pretene que el contendio de las guías los pueda leer un aguía que la información que aparece en imágenes también pueda estar descita enteramente en texto incluso pude ir avisado en un título que es la misma iinfomación que ne la imagen solo que así se le puede facilitar y agilizar el trabajo a la IA.";"No creo que sea buena idea tener información unicamnete de forma gráfica."
"13";"incorrect";"semfyc_eval_externo_2026_01";"semfyc_eval_externo_2026_01_external_35b624f631b6";"Dataset externo ChatTFG";"external";"medium";"En un varón de 55 años anticoagulado con acenocumarol por una fibrilación auricular y que presenta una lumbalgia inespecífica ¿está indicado pautar AINEs?";"En el contexto aportado, los AINEs figuran como tratamiento de elección de la lumbalgia simple, pero en pacientes anticoagulados con antagonistas de la vitamina K se indica que, si se prescribe un AINE, debe recomendarse la dosis mínima eficaz. Además, los AINEs aparecen con “especial precaución por posible erosión gástrica e inhibición de la agregación plaquetaria”. [Guía: Guía Terapéutica, Página: 372] [Guía: Guía de Actuación 23, Página: 50] También se recoge que entre los fármacos sin interacción relevante con AVK están ibuprofeno y naproxeno, pero con la advertencia de que esta lista no implica que deban ser considerados de elección y que algunos fármacos no incluidos pueden ser de elección si se realizan controles adecuados del INR. [Guía: Guía de Actuación 23, Página: 50] **Fuentes consultadas:** - [Guía: Guía Terapéutica, Página: 372] - [Guía: Guía de Actuación 23, Página: 50]";"incorrect";"incomplete";"yes";"Ibuprofeno y otros AINEs interaccionan con acenocumarol potenciando su efecto, la fuente referenciada así lo indica.";"No. En la lumbalgia simple, los AINEs son tratamiento de elección, pero en pacientes con factores de riesgo para sangrado gastrointestinal por AINE —incluido el uso de anticoagulantes— se indica sustituir el AINE por paracetamol o tramadol y añadir un inhibidor de la bomba de protones o misoprostol. Además, en la Guía Terapéutica se señala que la toma conjunta de AINE con antagonistas de la vitamina K aumenta el riesgo de hemorragia digestiva. [1] [2]";"**Guía Terapéutica**- Pág. 422 · PDF 470 y **Guía de Actuación 14**- Pág. 127";"La respuesta ahora es correcta, la repetí varias veces por si acaso y todas las veces me respondió bien.";"no";"Le repetí la pregunta varias veces desde cero par asegurarme de que lo sabía responder bien y en un arespuesta de primeras me respondió mal pero par aluego puntulizarlo de forma correcta: Sí, en la lumbalgia simple/inespecífica los AINEs (ibuprofeno o naproxeno) figuran como tratamiento de elección. [1]

Sin embargo, en pacientes con anticoagulantes orales, la toma conjunta con un antagonista de la vitamina K se asocia a mayor riesgo de hemorragia digestiva, por lo que requiere precaución. [2]

Además, el propio documento señala como criterio de STOP la asociación de ácido acetilsalicílico con antagonista de la vitamina K, y en las tablas de anticoagulación se destaca que el riesgo de sangrado es un factor que debe individualizarse y reevaluarse periódicamente. [3] [4]

Para estas respuesta me dio otras fuentes diferentes: **Guía Terapéutica**- Pág. 758 · PDF 806, **Guía de Actuación 3**- Pág. 94, **Guía Terapéutica — Fármacos**- Pág. 5 y **Guía Terapéutica**- Pág. 324 · PDF 372."
"14";"incorrect";"semfyc_eval_externo_2026_01";"semfyc_eval_externo_2026_01_external_5871d8961da9";"Dataset externo ChatTFG";"external";"medium";"¿Existe alguna asociación entre el autismo y la toma de paracetamol durante la gestación?";"Esta información no se encuentra en las Guías de Actuación disponibles. Te recomiendo consultar directamente con un profesional sanitario.";"incorrect";"incomplete";"yes";"En la pagina 638 de la guia terapeutica donde habla de efectos adversos del paracetamol no consta este del autismo. La Guia cataloga el paracaetamol como riesgo para embarazo B ( icono de final de la página)";"Esta información no se encuentra en las Guías de Actuación disponibles. Te recomiendo consultar directamente con un profesional sanitario.";"No tengo referencias.";"no se debe decir ese caso concreto en ninguna parte.";"no";"me parece una respuesta decuada ante una pregunta sobre algo qeu no figura ne las guías."
"15";"incorrect";"semfyc_eval_externo_2026_01";"semfyc_eval_externo_2026_01_external_8ae2d7f23e47";"Dataset externo ChatTFG";"external";"medium";"Ante un paciente que presenta desde hace algunas semanas estado de ansiedad con dificultad para conciliar el sueño y nerviosismo, ¿es correcto iniciar un tratamiento con benzodiazepinas?";"Sí, en el contexto de ansiedad generalizada el tratamiento de elección que figura es asociar paroxetina con diazepam, y en episodios esporádicos puede usarse diazepam como tratamiento alternativo. La terapia cognitivoconductual también se considera de primera elección. El tratamiento farmacológico solo está indicado en sintomatología moderada o grave, iniciando antidepresivos a dosis bajas y usando benzodiazepinas durante el menor tiempo posible; en general, la duración recomendada para benzodiazepinas es de 4 a 6 semanas. [Guía: Guía Terapéutica, Página: 108] En insomnio, se recomienda como tratamiento de elección las medidas de higiene del sueño; si el insomnio es refractario a otras medidas o de mantenimiento, se indica lormetazepam. En general, para insomnio se recomienda usar una benzodiazepina de vida media corta o intermedia a la dosis mínima eficaz y pactar siempre la reducción y supresión del fármaco en 2-4 semanas. [Guía: Guía Terapéutica, Página: 113] En ancianos, las benzodiazepinas se consideran medicamentos inapropiados por su mal coeficiente beneficios/riesgos y capacidad de producir dependencia, por lo que, siempre que sea posible, deben evitarse. [Guía: Guía de Actuación 6, Página: 29] **Fuentes consultadas:** - [Guía: Guía Terapéutica, Página: 108] - [Guía: Guía Terapéutica, Página: 113] - [Guía: Guía de Actuación 6, Página: 29]";"incorrect";"incomplete";"partial";"Desorden de citas y páginas incorrectas. | La respuesta es incorrecta, puesto que el tratamiento de elección para el insomnio son las medidas higiénico-dietéticas del sueño y terapias no farmacológicas y, en caso de insomnio refractario a las mismas, se puede iniciar BZD.";"Sí, en el contexto de ansiedad generalizada el tratamiento farmacológico de elección puede incluir **paroxetina asociada a diazepam**; además, en episodios esporádicos se contempla **diazepam** como tratamiento alternativo. El tratamiento farmacológico solo está indicado en sintomatología moderada o grave, y las benzodiazepinas deben usarse durante el menor tiempo posible, con duración recomendada de **4 a 6 semanas**. [1]

En el insomnio, el tratamiento debe dirigirse a la causa desencadenante y, en general, se recomienda usar una **benzodiazepina de vida media corta o intermedia** en la dosis mínima eficaz, pactando siempre la reducción y supresión del fármaco en **2-4 semanas**. [2]

Además, las benzodiazepinas se recomiendan **solo cuando sea imprescindible**, con la mínima dosis eficaz y durante **no más de 4 semanas**, revisando periódicamente la necesidad de mantenerlas. [3]";"**Guía Terapéutica**- Pág. 65 · PDF 113, **Guía Terapéutica**- Pág. 60 · PDF 108 y **Guía de Actuación 6**- Pág. 27.";"Creo que la pregunta está bien respondida.";"no";""
"16";"incorrect";"semfyc_eval_externo_2026_01";"semfyc_eval_externo_2026_01_external_aed39b3da579";"Dataset externo ChatTFG";"external";"medium";"En una mujer de 45 años migrañosa en tratamiento y con HTA bien controlada que presenta disartria y afectación del nervio facial ¿es necesaria la realización de una TC como estrategia diagnóstica para descartar un ictus?";"Esta información no se encuentra en las Guías de Actuación disponibles. Te recomiendo consultar directamente con un profesional sanitario.";"incorrect";"incomplete";"yes";"En las fuentes propuestas cita varias en las que aparece el algortimo de actuación en cefaleas, pero no lo interpreta de manera correcta";"Esta información no se encuentra en las Guías de Actuación disponibles. Te recomiendo consultar directamente con un profesional sanitario.";"";"No se si será por ser una pregunta muy concreta pero no es capaz de encontrar una respuesta para ella.";"no";""
"17";"incorrect";"semfyc_eval_externo_2026_01";"semfyc_eval_externo_2026_01_external_32a1c4dea886";"Dataset externo ChatTFG";"external";"medium";"En pacientes con úlcera gástrica, ¿cuál es el AINE más seguro?";"Esta información no se encuentra en las Guías de Actuación disponibles. Te recomiendo consultar directamente con un profesional sanitario.";"incorrect";"incomplete";"no";"La pregunta es muy específica y efectivamente en las fuentes no existe respuesta exacta. La pregunta podría referirse a que AINEs emplear si riesgo de gastropatía | La guía recomienda no utilizarlos y es un criterio Stopp. Página 571 de la guía en papel";"En el contexto proporcionado, los AINE con contraindicaciones o precauciones relacionadas con úlcera péptica incluyen ibuprofeno, diclofenaco y naproxeno, además de señalarse que en antecedentes de enfermedad ulcerosa péptica o hemorragia gastrointestinal deben evitarse salvo asociación con IBP o antagonistas H2. No se especifica cuál sería el AINE “más seguro” en pacientes con úlcera gástrica. [1] [2] [3]";"**Guía Terapéutica — Fármacos**- Pág. 138, **Guía Terapéutica — Fármacos**- Pág. 84 y **Guía Terapéutica — Fármacos**- Pág. 188.";"Antes no debía de tener la información suficiente para generar una respuesta, ahora no es capaz de responderte específicamente a la pregunta pero si qeu te dice algunos datos de cuales NO son seguros en caso de úlceras.";"si, revisar si en algún lado mencionan a algún AINE como el mas seguro en caso de úlcera péptídica.";""
"18";"incorrect";"semfyc_eval_externo_2026_01";"semfyc_eval_externo_2026_01_external_662ae92340e3";"Dataset externo ChatTFG";"external";"medium";"¿Está contraindicado el uso concomitante del lorazepam y el acenocumarol?";"Esta información no se encuentra en las Guías de Actuación disponibles. Te recomiendo consultar directamente con un profesional sanitario.";"incorrect";"partial";"partial";"La información está en el fármaco Acenocumarol, apartado interacciones farmacológicas, donde no se cita lorazroam | La información de las posibles interacciones está en las fichas de cada uno de los dos fármacos. Tanto en la de lorazepam como en la de acenocumarol figura interacciones. En ellas se confirma que no hay interacción entre ellos.";"Esta información no se encuentra en las Guías de Actuación disponibles. Te recomiendo consultar directamente con un profesional sanitario.";"";"";"";"No sé si sale esa infromación en algún lado."
"19";"incorrect";"semfyc_eval_terapeutica_2026_01";"semfyc_eval_terapeutica_2026_01_guia-terapeutica_a57488c3d6aa";"Guía Terapéutica";"case";"medium";"Tengo un paciente con insuficiencia cardíaca con fracción de eyección preservada y fibrilación auricular. ¿Qué tratamiento se recomienda para controlar esta situación?";"Para la **insuficiencia cardíaca crónica con fracción de eyección preservada (≥ 50%)** y **fibrilación auricular**, la guía indica que, si en el caso de **AC x FA** persiste una **FC > 80** a pesar del tratamiento, se recomienda **digoxina 0,125-0,250 mg/día por vía oral**. [Guía: Guía Terapéutica, Página: 199] En el esquema de continuación, para **AC x FA** se recoge **bisoprolol o verapamilo o diltiazem + digoxina 0,125-0,25 mg/día**. [Guía: Guía Terapéutica, Página: 849] Además, en la tabla de fibrilación auricular para el control de la frecuencia cardíaca, en **mantenimiento de FC adecuada con FE > 40%** aparecen como alternativas **diltiazem, verapamilo, bisoprolol o digoxina**. [Guía: Guía Terapéutica, Página: 186] **Fuentes consultadas:** - [Guía: Guía Terapéutica, Página: 199] - [Guía: Guía Terapéutica, Página: 849] - [Guía: Guía Terapéutica, Página: 186]";"incorrect";"incomplete";"yes";"El texto dice: si FC>80, AC xFA: Bisoprolol o verapamilo o diltiazem (c superindice)+ digoxina EFG®: 0,125-0,25 mg/d. Y en pie de tabla muy importante pone: c: No asociar betabloqueantes con calcioantagonistas. | Me sabe muy mal pero al revisarla con el primer revisor tras mi lectura independiente no comparto sus objecciones, creo que entiendo lo que quiere decir la GT";"En la insuficiencia cardíaca crónica con fracción de eyección preservada y fibrilación auricular, si persiste una FC > 80 a pesar del tratamiento, se recomienda añadir **digoxina 0,125–0,250 mg/d vo**. [1]

En el esquema de manejo de la IC con FE preservada, cuando hay **FC ≥ 80 sin FA** se indican **bisoprolol**, **verapamilo** o **diltiazem**; y en el caso anterior, si hay **AC x FA** y persiste la FC > 80, se añade **digoxina**. [1]

En la tabla de control de la frecuencia en fibrilación auricular, con **FE > 40%** se contemplan como alternativas **diltiazem**, **verapamilo**, **bisoprolol** o **digoxina**; y si fracasa la monoterapia para controlar la FC, puede asociarse **digoxina + bisoprolol** o usar **diltiazem**. [2]";"**Guía Terapéutica**- Pág. 138 · PDF 186 y **Guía Terapéutica**- Pág. 151 · PDF 199.";"";"no";"me parece que está bien respondida."
"20";"incorrect";"semfyc_eval_terapeutica_2026_01";"semfyc_eval_terapeutica_2026_01_guia-terapeutica_04ea9b3b83fe";"Guía Terapéutica";"referral";"high";"En una sospecha de síndrome coronario agudo con bradicardia sintomática menor de 50 lpm y dolor persistente, ¿qué medicación se recomienda para la bradicardia y en qué situación se indica derivación a atención especializada?";"En una sospecha de síndrome coronario agudo con **bradicardia sintomática (< 50 lpm)**, la medicación recomendada es **atropina 0,5-1 mg**, repitiendo si persisten los síntomas **cada 3-5 minutos** hasta un **máximo de 3 mg en bolo lento intravenoso**. [Guía: Guía Terapéutica, Página: 180] La **derivación a atención especializada** es necesaria en las **bradicardias sintomáticas con compromiso hemodinámico**; además, en las bradicardias sintomáticas **sin compromiso hemodinámico** la derivación es **preferente** para valorar la implantación de un marcapasos cardíaco permanente. [Guía: Guía de Actuación 3, Página: 74] **Fuentes consultadas:** - [Guía: Guía Terapéutica, Página: 180] - [Guía: Guía de Actuación 3, Página: 74]";"incorrect";"complete";"yes";"Mejorable la redacción de la contestación. En lugar de: ""En una sospecha de síndrome coronario agudo con bradicardia sintomática (< 50 lpm), la medicación recomendada es atropina 0,5-1 mg, repitiendo si persisten los síntomas cada 3-5 minutos hasta un máximo de 3 mg en bolo lento intravenoso. "" Sería mejor: ""En una sospecha de síndrome coronario agudo con bradicardia sintomática (< 50 lpm), la medicación recomendada es atropina 0,5-1 mg en bolo lento intravenoso, repitiendo si persisten los síntomas cada 3-5 minutos hasta un máximo de 3 mg. "" También podría ampliarse la información (está en el mismo algoritmo) pues hay otros fármacos que se indican en caso de no respuesta a la atropina que serían además del MP transvenoso, la infusión de dopamina o la infusión de adrenalina. | La pregunta está mal planteada porque pretende abordar el manejo de la bradicardia pero aquí indica que se trata de un paciente con síndrome coronario agudo: siempre lo derivaremos a un centro de urgencias por tratarse de un síndrome coronario agudo. Por lo tanto la respuesta es incorrecta.";"En una sospecha de síndrome coronario agudo con **bradicardia sintomática (< 50 lpm)**, la medicación recomendada es **atropina**: dosis adulto **0,5-1 mg**, y repetir si persisten los síntomas cada **3-5 min** hasta un máximo de **3 mg en bolo lento iv**. [1]

Si hay **falta de respuesta a atropina** y además **sobredosificación de betabloqueantes**, la circunstancia modificante contempla **adrenalina** (sin posibilidad de marcapasos) o **glucagón** (sin posibilidad de marcapasos). [2]

La **derivación a atención especializada** se indica cuando el paciente presenta **bradicardias sintomáticas sin compromiso hemodinámico para valorar la implantación de marcapasos cardíaco permanente**; y de forma **urgente** si son **bradicardias sintomáticas con compromiso hemodinámico**. [3]";"**Guía Terapéutica**- Pág. 128 · PDF 176, **Guía Terapéutica**- Pág. 132 · PDF 180 y **Guía de Actuación 3**- Pág. 74.";"La respuesta a la propia pregunta es totalmente correcta pero el encargado de la valoración previa la ha calificado de incorrecta por motivos externos a la propia guía: La pregunta está mal planteada porque pretende abordar el manejo de la bradicardia pero aquí indica que se trata de un paciente con síndrome coronario agudo: siempre lo derivaremos a un centro de urgencias por tratarse de un síndrome coronario agudo. Por lo tanto la respuesta es incorrecta.";"no";""
"21";"partial";"semfyc_eval_2026_v4_01";"semfyc_eval_2026_v4_01_S0212656724002701_4759616247ea";"S0212656724002701";"workflow";"high";"¿En qué situaciones la guía considera que no debe responderse un posible cribado solo con la prueba de cribado, sino que hay que garantizar acceso a pruebas de confirmación diagnóstica?";"La guía señala que, cuando una **prueba de cribado resulta positiva**, no debe considerarse suficiente por sí sola y debe garantizarse el acceso a una **prueba de confirmación diagnóstica**. Esto se explicita para el cribado del **cáncer colorrectal**: “si esta es positiva, se realiza una colonoscopia” y, además, “para alcanzar impacto poblacional… es necesario… garantizar la realización de la prueba de confirmación diagnóstica en personas con prueba de cribado positiva”. [Guía: Recomendaciones PAPPS, Página: 22] [Guía: Guía de Actuación 27, Página: 88] También se indica en el cribado de **sífilis** que las pruebas treponémicas y no treponémicas se utilizan para cribado/confirmación y que, ante una sospecha clínica, debe solicitarse un estudio serológico con **una prueba treponémica y otra no treponémica**. [Guía: Guía de Actuación 25, Página: 115] En el cribado de **infecciones en el embarazo**, se especifica que los resultados positivos de las pruebas de cribado para anomalías fetales **requieren confirmación mediante biopsia corial en el primer trimestre o amniocentesis en el segundo**. [Guía: Recomendaciones PAPPS, Página: 8] **Fuentes consultadas:** - [Guía: Recomendaciones PAPPS, Página: 22] - [Guía: Guía de Actuación 27, Página: 88] - [Guía: Guía de Actuación 25, Página: 115] - [Guía: Recomendaciones PAPPS, Página: 8]";"partial";"partial";"yes";"Se omiten circunstancias muy importantes , como en el caso del VIH respecto la necesidad de pedir una prueba de confirmación. Muchas citas no tienen nada que ver con la pregunta | Creo que la pregunta está mal elaborada y la respuesta recoge algunas de las situaciones donde se especifica la necesidad de confirmación. Yo simplificaría la respuesta y añadiría el capítulo 22 de la Guía de Actuación como bibliografía.";"La guía indica que cualquier estrategia y modalidad de cribado requiere garantizar la accesibilidad a las pruebas de confirmación diagnóstica. [1]

Además, en el cribado de cáncer colorrectal, señala que para alcanzar un impacto poblacional sobre la mortalidad con un coste/efectividad adecuado es necesario garantizar la realización de la prueba de confirmación diagnóstica en las personas con prueba de cribado positiva. [2]

En el cribado de diabetes gestacional, tras un test de cribado positivo, está indicada la prueba diagnóstica de sobrecarga oral de glucosa. [3]

En el cribado de infección por VIH, cualquier resultado positivo requiere una prueba de confirmación para descartar un falso positivo. [4]

En el cribado de cáncer de cuello uterino, si la determinación de VPH-AR resulta positiva, se requiere triaje para estratificar el riesgo de HSIL/CIN2+. [5]";"**S0212656724002701**- Pág. 7, **S0212656724002701**- Pág. 22, **Guía de Actuación 15**- Pág. 42, **Guía de Actuación 8**- Pág. 64 y **S0212656724002701**- Pág. 18.";"En la respuesta se indica que cuando una de estas prebas resulta no positiva no basta con ello y luego pone algunos ejemplos que consiera importantes, no me parece una mala respuesta pues si quieres saber sobre una enfermedad concreta le puedes preguntar exclusivamente sobre esa enermedad.";"no";""
"22";"partial";"semfyc_eval_2026_v4_01";"semfyc_eval_2026_v4_01_S0212656724002737_c194005b6c41";"S0212656724002737";"treatment";"medium";"Tengo hipertensión y quiero quedarme embarazada. ¿Qué medicamentos están contraindicados y cuáles son los de elección para controlar la tensión?";"Durante el embarazo o si hay deseo gestacional, está contraindicado el uso de IECA y ARA II; también se indica que la espironolactona está contraindicada. [Guía: Guía Terapéutica, Página: 197] Los fármacos de elección para la hipertensión en embarazadas son labetalol y metildopa; como alternativa se menciona nifedipino. [Guía: Guía de Actuación 8, Página: 69] En otra tabla de hipertensión en embarazo, se señala también que los fármacos de elección son labetalol, metildopa (primer y segundo trimestre) y betabloqueantes (tercer trimestre), y que están contraindicados IECA, ARA II y antagonistas del calcio. [Guía: Guía de Actuación 14, Página: 10] **Fuentes consultadas:** - [Guía: Guía Terapéutica, Página: 197] - [Guía: Guía de Actuación 8, Página: 69] - [Guía: Guía de Actuación 14, Página: 10]";"partial";"incomplete";"yes";"falta el atenolol como contraindicado, falta que hay que cambiar los que toma por los convenientes.El párrafo además resulta confuso, deslavazado e impreciso. | Incluye la información de dos fuentes, lo que es interesante aunque la coincidencia no sea completa. Falta una tercera fuente. La guia terapéutica recoge que el atenolol puede asociarse a retraso de crecimiento intrauterino en 2º y 3º trimestre. En este caso, hay información no coincidente en la Guia de Actuación, es dos puntos diferentes. No es un error de la IA.";"Respuesta clara y estructurada:

En mujeres con deseo gestacional o durante el embarazo, están contraindicados los IECA y los ARA II; además, el contexto también indica precaución con las tiazidas. [1]

Los fármacos de elección para el control de la tensión en el embarazo son labetalol, metildopa y nifedipino de liberación prolongada. [2]

En la guía de actuación sobre embarazo, para la hipertensión arterial se señala que labetalol y metildopa son los tratamientos de elección, y como tratamiento alternativo se menciona nifedipino. [3]";"**Guía de Actuación 8**- Pág. 69, **S0212656724002737**- Pág. 3 y **Guía Terapéutica**- Pág. 149 · PDF 197.";"No he encontrado en las referencias dadas que el atenolol estñe contrandicado cuando en efecto lo está, por tanto entiendeo que no lo mencione. Por otro lado, si que menciona los que SI que están indicados. Es más, en **Guía Terapéutica**- Pág. 149 · PDF 197, se dice ""Durante el embarazo o si hay deseo gestacional, está contraindicado el uso de IECA, ARA II y hay que tener precaución con las tiazidas."" información que captó correctamente y justo encima hablan sobre los beta bloqeunates, grupo al qeu peretenece el atenolol, y no dicen ndad de que no se deba utilizar. Y dentro del apartado sobre el embarazo no se menciona tampoco,";"no";""
"23";"partial";"semfyc_eval_2026_v4_01";"semfyc_eval_2026_v4_01_11_1d061e625ad4";"Guía de Actuación 11";"referral";"medium";"Si un paciente con cervicalgia tiene antecedente de traumatismo y la radiografía cervical muestra fractura, luxación o subluxación, ¿cuál es la conducta a seguir?";"La conducta a seguir es la **derivación urgente a traumatología**. [Guía: Guía de Actuación 11, Página: 6] **Fuentes consultadas:** - [Guía: Guía de Actuación 11, Página: 6]";"partial";"partial";"yes";"el esquema referenciado es correcto. El texto puede que fuera necesario ""Los collarines rígidos se han utilizado tradicionalmente en fracturas cervicales, aunque no hay evidencia de calidad que respalde (o desaconseje) su uso."" | Aunque la respuesta se corresponde con lo que dice el algoritmo, es una situación que creo irreal, además seróa una situación de gravedad.";"La conducta a seguir es la **derivación urgente a traumatología**. En el algoritmo de cervicalgia, si hay **traumatismo** y la **Rx raquis cervical** muestra **fractura, luxación o subluxación**, el siguiente paso indicado es esa derivación urgente.";"**Guía de Actuación 11**- Pág. 6.";"La respesta es correcta y la referencia es justo el esquema sobree einformación de ese tipo de casos. No me parece que la respuesta sea incorrecta.";"no";""
"24";"partial";"semfyc_eval_2026_v4_01";"semfyc_eval_2026_v4_01_22_d2bea83cc6ec";"Guía de Actuación 22";"case";"medium";"En una revisión de un lactante de 6 meses, ¿qué actividades preventivas y consejos están programados para esa edad en la tabla de revisiones?";"En la revisión de los **6 meses** están programados: - **Identificación de riesgos**. [Guía: Guía de Actuación 22, Página: 4] - **Lactancia materna**. [Guía: Guía de Actuación 22, Página: 4] - **Alimentación complementaria**. [Guía: Guía de Actuación 22, Página: 4] - **Tabaquismo pasivo**. [Guía: Guía de Actuación 22, Página: 4] - **Exploración/cribado de peso, talla y perímetro cefálico**. [Guía: Guía de Actuación 22, Página: 4] - **Indicadores de maltrato**. [Guía: Guía de Actuación 22, Página: 4] - **Desarrollo psicomotor**. [Guía: Guía de Actuación 22, Página: 4] - **Visión**. [Guía: Guía de Actuación 22, Página: 4] - **Audición**. [Guía: Guía de Actuación 22, Página: 4] - **Criptorquidia**. [Guía: Guía de Actuación 22, Página: 4] - **Displasia evolutiva de cadera**. [Guía: Guía de Actuación 22, Página: 4] - **Bucodental**. [Guía: Guía de Actuación 22, Página: 4] - **Ferropenia** en grupos de riesgo. [Guía: Guía de Actuación 22, Página: 4] - **Autismo** en grupos de riesgo de 18 a 24 meses. [Guía: Guía de Actuación 22, Página: 4] En el apartado de **consejos** para esa edad figuran: - **Lactancia materna**. [Guía: Guía de Actuación 22, Página: 4] - **Alimentación**. [Guía: Guía de Actuación 22, Página: 4] - **Tabaquismo pasivo**. [Guía: Guía de Actuación 22, Página: 4] - **Prevención de muerte súbita**. [Guía: Guía de Actuación 22, Página: 4] - **Accidentes**. [Guía: Guía de Actuación 22, Página: 4] - **Bucodental**. [Guía: Guía de Actuación 22, Página: 4] - **Protección solar**. [Guía: Guía de Actuación 22, Página: 4] En **profilaxis**: - **Vitamina D**. [Guía: Guía de Actuación 22, Página: 4] - **Hierro** en grupos de riesgo. [Guía: Guía de Actuación 22, Página: 4] - **Flúor oral**, según concentración de flúor en agua y riesgo de caries. [Guía: Guía de Actuación 22, Página: 4] Además, en la tabla de actividades del primer año se indica para los **6 meses**: - **Pruebas metabólicas: registro de resultados**. [Guía: Guía de Actuación 22, Página: 13] - **Flúor oral: según concentración de flúor en agua y riesgo de caries**. [Guía: Guía de Actuación 22, Página: 13] - **Inmunizaciones: según calendario vacunal**. [Guía: Guía de Actuación 22, Página: 13] **Fuentes consultadas:** - [Guía: Guía de Actuación 22, Página: 4] - [Guía: Guía de Actuación 22, Página: 13]";"partial";"partial";"partial";"Como indica en el texto ""Autismo en grupos de riesgo de 18 a 24 meses."" no debería estar incluido en la revisión de 6 meses. ""Pruebas metabólicas: registro de resultados."" Sería entre los 2-4 meses, no a los 6 meses. | 1. Aunque la respuesta lista correctamente las actividades y consejos de la tabla, no explica brevemente en qué consisten dichas actividades, se limita a numerarlas. 2. En la 3a cita se especifican actividades a realizar en cada visita hasta el año, de manera clara, que no se incluyen en la respuesta. 3. La 4a cita no corresponde al grupo de edad de la pregunta.";"En la revisión de los **6 meses** están programadas las siguientes actividades preventivas y consejos:

- **Recogida de información:** identificación de riesgos, lactancia materna, alimentación complementaria y tabaquismo pasivo. [1]
- **Exploración/cribado:** peso, talla y perímetro cefálico; indicadores de maltrato; desarrollo psicomotor; visión; audición; criptorquidia; displasia evolutiva de cadera; y ferropenia. [1]
- **Consejos:** lactancia materna, alimentación, tabaquismo pasivo, prevención de muerte súbita, accidentes, bucodental y protección solar. [1]
- **Profilaxis:** vitamina D, hierro en grupos de riesgo, e inmunizaciones según calendario vacunal. [1]

Además, en la figura de actividades preventivas del primer año se especifica para esta etapa: **“Promover la lactancia materna y explicar lactancia artificial”, “alimentación complementaria (a partir del 4.º mes)”, consejo sobre prevención de muerte súbita, prevención del tabaquismo pasivo, prevención de exposición solar, prevención de accidentes domésticos, consejo sobre prevención de caries, explorar tamaño y consistencia testicular para descartar criptorquidia, detección de displasia de cadera, desarrollo psicomotor, estimulación del niño, desarrollo pondoestatural, cribado de anomalías oculares y de la visión, detección de abuso y malos tratos, y valorar grupos de riesgo”**. [2]";"**Guía de Actuación 22**- Pág. 1856 · PDF 4, **Guía de Actuación 22**- Pág. 1865 · PDF 13, **Guía de Actuación 22**- Pág. 1866 · PDF 14 y **Guía de Actuación 22**- Pág. 1855 · PDF 3.";"La respuesta original y que fue marcada como incorrecta tenía información extra que no correspondía con el caso que se preguntaba pero eenn la respuesta que me ha dado a mí dice la nformación correcta.";"no";""
"25";"partial";"semfyc_eval_2026_v4_01";"semfyc_eval_2026_v4_01_4_30d19ee1dc96";"Guía de Actuación 4";"differential";"medium";"Un paciente refiere disfagia intermitente de muchos años de evolución. ¿Qué diagnósticos diferenciales hay que considerar con más frecuencia y gravedad?";"La **disfagia intermitente de larga evolución** se asocia habitualmente a **trastornos motores del esófago**. [Guía: Guía de Actuación 4, Página: 3] En la **tabla de orientación diagnóstica de disfagia**, la **disfagia a sólidos intermitente (cada 3-4 meses) que mejora al regurgitar el bolo** se orienta a **anillo de Schatzki**. [Guía: Guía de Actuación 4, Página: 5] Si la disfagia es **a sólidos y líquidos progresiva, de larga evolución**, la orientación diagnóstica incluye **trastornos neuromusculares**. [Guía: Guía de Actuación 4, Página: 5] **Fuentes consultadas:** - [Guía: Guía de Actuación 4, Página: 3] - [Guía: Guía de Actuación 4, Página: 5]";"partial";"partial";"partial";"No referencia la tabla 2, que incluye las causas de disfagia motora orofaríngea y esofágica. Además, la pregunta va dirigida a diagnósticos diferenciales que hay que considerar con más frecuencia y gravedad, cuestión que tampoco se resuelve (el anillo de Schatzki suele ser un hallazgo incidental ya que los pacientes suelen estar asintomáticos).";"La disfagia intermitente de larga evolución se asocia habitualmente a trastornos motores del esófago.

Entre las causas o diagnósticos diferenciales que la guía destaca por su frecuencia y gravedad en la disfagia, deben considerarse especialmente las siguientes: disfagia intermitente de larga evolución asociada a trastornos motores del esófago; disfagia orofaríngea neuromuscular (a menudo con más disfagia para líquidos que para sólidos y asociada a tos); disfagia postintubación; neoplasia de esófago con disfagia progresiva de corta evolución y síndrome constitucional; y disfagia en el seno de una patología conocida que pueda ocasionarla, como la esofagitis por reflujo grave en pacientes con hernia de hiato.";"**Guía de Actuación 4**- Pág. 3.";"Responde bien a la pregunta.";"no";""
"26";"partial";"semfyc_eval_2026_v4_01";"semfyc_eval_2026_v4_01_7_e8aa691f203d";"Guía de Actuación 7";"factual";"medium";"¿Cuál es la posología de los parches de nicotina de 16 horas y de 24 horas, y para qué fumadores están indicados?";"Los parches de nicotina están indicados para **fumadores de > 10 cigarrillos/día**. [Guía: Guía de Actuación 7, Página: 11] La posología de los **parches de 16 horas** es: **15 mg/día durante 4 semanas, 10 mg/día durante 2 semanas y 5 mg/día durante 2 semanas**. [Guía: Guía de Actuación 7, Página: 11] La posología de los **parches de 24 horas** es: **21 mg/día durante 4 semanas, 14 mg/día durante 2 semanas y 7 mg/día durante 2 semanas**. [Guía: Guía de Actuación 7, Página: 11] **Fuentes consultadas:** - [Guía: Guía de Actuación 7, Página: 11]";"partial";"incomplete";"yes";"Explica bien para que fumadores están indicados pero sólo explica la posología del empleo de parches en fumadores de >20cig/d y sin especificar esto último | Aunque la respuesta me parece correcta, quizas se pueda ampliar con información contenida en la misma fuente ""La combinación de la forma de liberación sostenida (parche) con otra de liberación rápida (chicle, spray, comprimido), o sea tratamiento combinado, es más eficaz que cualquiera de ellos por separado""";"La **indicación** de los parches de nicotina es para **fumadores de > 10 cigarrillos/día**.

La **posología de los parches de 16 horas** es: **4 semanas 15 mg, 2 semanas 10 mg y 2 semanas 5 mg**.

La **posología de los parches de 24 horas** es: **4 semanas 21 mg, 2 semanas 14 mg y 2 semanas 7 mg**.";"**Guía de Actuación 7**- Pág. 11";"se marcó cómo incorrecta porque el evaluador vio información extra reelevante, lo mismo de nuevo, desconozco que la infromación de de la combinación de diferentes formas de liberación usadas en conjunto sean más eficaces que por separado aprezca en la guía. En cualquier caso no es parte de la pregunta. Es una respuesta correcta.";"no";"He hecho la prueba y en el caso de que el preguntes por si usar dos formas de liberación diferentres al mismo timepo es más eficaz la respuesta es que si. Sí. En el contexto proporcionado se indica que la combinación de una forma de liberación sostenida (parche) con otra de liberación rápida (chicle, spray, comprimido), es decir, el tratamiento combinado, **es más eficaz que cualquiera de ellos por separado**. [1]

Además, se señala que **las tasas de abstinencia son superiores para los tratamientos combinados** y que, para la mayoría de los pacientes, se propone como primera línea una combinación de nicotina de acción prolongada y corta, como **parches de nicotina más chicles o pastillas de nicotina**, en lugar de una terapia con nicotina de agente único. Siendo las fuentes: [2] **Guía de Actuación 7**- Pág. 10 y **Guía Terapéutica**- Pág. 79 · PDF 127."
"27";"partial";"semfyc_eval_externo_2026_01";"semfyc_eval_externo_2026_01_external_2c0c5a0331b7";"Dataset externo ChatTFG";"external";"medium";"¿Qué antidepresivo estaría indicado en una mujer embarazada con crisis de ansiedad y episodio depresivo grave?";"En una gestante con episodio depresivo grave, el fármaco de elección es **fluoxetina**; como alternativa pueden utilizarse **sertralina** o antidepresivos tricíclicos como **amitriptilina, imipramina y nortriptilina**. En el embarazo, también se señala que **sertralina, citalopram y fluoxetina** pueden ser opciones, valorando siempre el riesgo de exposición fetal y el riesgo de una depresión no tratada en la madre. [Guía: Guía de Actuación 8, Página: 68] [Guía: Guía de Actuación 8, Página: 58] Para la **crisis de ansiedad** en trastorno de ansiedad generalizada, el tratamiento farmacológico de elección incluye **paroxetina** asociada a **diazepam**; sin embargo, en embarazo el contexto aporta que debe evitarse la **paroxetina** por mayor riesgo de malformaciones. [Guía: Guía Terapéutica, Página: 108] [Guía: S0212656724002737, Página: 3] **Fuentes consultadas:** - [Guía: Guía de Actuación 8, Página: 68] - [Guía: Guía de Actuación 8, Página: 58] - [Guía: Guía Terapéutica, Página: 108] - [Guía: S0212656724002737, Página: 3]";"partial";"partial";"yes";"En los iconos del medicamento Diazepam se refleja que su nivel de riesgo en el embarazo es D. Parece que el programa no lee los iconos de los medicamentos con lo que se puede subestimar el riesgo fetal. Guia Terapeutica página 510 icono de embrazo con la D";"En una mujer embarazada con crisis de ansiedad y episodio depresivo grave, el contexto indica que, para la depresión moderada o grave en el embarazo, el fármaco de elección es **fluoxetina** y como alternativa se puede utilizar **sertralina** o **antidepresivos tricíclicos** como amitriptilina, imipramina y nortriptilina. Además, en los trastornos de ansiedad, los **ISRS** son el tratamiento farmacológico de primera elección; entre ellos se citan **paroxetina, sertralina y escitalopram** como eficaces, y en la tabla de ansiedad generalizada aparece **paroxetina** como tratamiento de elección asociada a diazepam. [1] [2] [3]";"**Guía de Actuación 8**- Pág. 68, **Guía Terapéutica**- Pág. 60 · PDF 108 y **Guía de Actuación 6**- Pág. 7.";"Al no salir expresamente en las guías que el diazepam pueede tener riesgos en el embarazo, no lo menciona. En cambio si que dice bien lás recomendaciones que si que salen descritas en la guía.";"no";""
"28";"partial";"semfyc_eval_externo_2026_01";"semfyc_eval_externo_2026_01_external_3fa7da1b0d26";"Dataset externo ChatTFG";"external";"medium";"Una mujer en tratamiento ansiolítico se queda embarazada por lo que se retira el mismo, aunque eso ocasiona un aumento marcado de sus síntomas, ¿qué alternativas tenemos?";"Si durante el embarazo se retira el tratamiento ansiolítico y esto provoca un aumento marcado de los síntomas, en la guía se indica que en los trastornos de ansiedad los antidepresivos son el tratamiento de elección, y que han demostrado efectividad los ISRS (paroxetina, sertralina y escitalopram) y los ISRSN (venlafaxina retard, duloxetina). También señala que se puede añadir una benzodiazepina no más de 4 semanas cuando predominen los síntomas físicos, sea crucial el control rápido de los síntomas o hasta la respuesta de los antidepresivos o de la TCC, utilizando diazepam o lorazepam. [Guía: Guía de Actuación 6, Página: 8] En embarazo, para depresión se describen como opciones la psicoterapia en cuadros leves y, en gestantes con antecedentes de depresión moderada-grave que presentan un cuadro leve, el uso de antidepresivos tricíclicos; además, en caso de precisar tratamiento farmacológico, la sertralina, el citalopram y la fluoxetina en monoterapia pueden ser opciones, teniendo en cuenta el riesgo de exposición fetal y el de una depresión no tratada. [Guía: Guía de Actuación 8, Página: 57] [Guía: Guía de Actuación 8, Página: 58] **Fuentes consultadas:** - [Guía: Guía de Actuación 6, Página: 8] - [Guía: Guía de Actuación 8, Página: 57] - [Guía: Guía de Actuación 8, Página: 58]";"partial";"incomplete";"no";"Lo que dice la guia es: en mujeres con depresión leve en el primer trimestre de gestación, están indicadas alternativas psicoterapéuticas. En gestantes con antecedentes de depresión moderada-grave, que presentan un cuadro leve se pueden utilizar antidepresivos tricíclicos; de ellos se tiene mayor experiencia y es conocido su menor riesgo materno-fetal en dosis terapéuticas; están contraindicados en la lactancia. También se pueden utilizar algunos inhibidores selectivos de la recaptación de serotonina (ISRS), aunque su uso en el primer trimestre se ha asociado a un aumento de malformaciones; la paroxetina implica un riesgo mayor (anencefalia, craneosinostosis, onfalocele, defectos septales)";"Si una mujer en tratamiento ansiolítico se queda embarazada y la retirada del medicamento provoca un aumento marcado de los síntomas, en el contexto proporcionado solo se recoge que, en trastornos como la depresión leve o moderada al inicio del embarazo, se puede valorar el cese gradual de la medicación y continuar con psicoterapia, teniendo siempre en cuenta el riesgo de empeoramiento. [1]

También se indica que, en gestantes con depresión moderada o grave, el fármaco de elección es fluoxetina y como alternativa pueden utilizarse sertralina o antidepresivos tricíclicos como amitriptilina, imipramina y nortriptilina. [2]";"**Guía de Actuación 6**- Pág. 17 y **Guía de Actuación 8**- Pág. 57.";"Debe de tener algún tipo de problema al encontrar la respuesta a esta pregunta porque si se lo vuelvo a preguntar me dice que no ha encontrado resultados.";"no";"La respuesa está un poco incompleta pues no se mencionan que se pueden usar los ISRS, si le preguntas específicamente sobree ellos si que re sabe contestar correctamente."
"29";"partial";"semfyc_eval_terapeutica_2026_01";"semfyc_eval_terapeutica_2026_01_guia-terapeutica_20fcc7910215";"Guía Terapéutica";"differential";"high";"En una persona con ERC y filtrado glomerular de 45 ml/min que sigue con hipertensión, ¿qué tratamiento se indica y por qué las tiazidas no serían útiles en este caso?";"En una persona con ERC y FG de 45 ml/min, el control de la HTA se basa en **IECA**; si hay intolerancia, se pueden usar **ARA II**. Además, se recomienda combinar fármacos antihipertensivos para alcanzar objetivos, incluyendo un **diurético tiazídico o de asa según la gravedad de la ERC**. [Guía: Guía de Actuación 14, Página: 141] En el esquema de hipertensión arterial esencial con ERC y FG 30-59 ml/min, se indica **enalapril** y, si hay falta de control, **asociar clortalidona + enalapril**. [Guía: Guía Terapéutica, Página: 193] Las tiazidas **no son efectivas con FG < 30 ml/min**; en ese caso se emplean **diuréticos de asa como furosemida o torasemida**. [Guía: Guía Terapéutica, Página: 197] **Fuentes consultadas:** - [Guía: Guía de Actuación 14, Página: 141] - [Guía: Guía Terapéutica, Página: 193] - [Guía: Guía Terapéutica, Página: 197]";"partial";"complete";"partial";"Amplío el contexto del control de HTA en pacientes con ERC, para luego hablar de los niveles de filtrado. La referencia 2 sobre la precaución sobre el uso de tiazidas no es correcta. No se pueden usar por debajo de 30ml/min (referencia 3), pero en la página 193 ya pone que en ERC con FG 30-59 ml/min las tiazidas no son efectivas y se debe usar furosemida (lo que no sería correcto porque es un FG mayor de 30), aunque luego describe que una alternativa es añadir hidroclorotiazida (habría que corregir la fuente, referencia 2).";"En la ERC con FG de 30-59 ml/min, el esquema indicado es **enalapril** y, si hay falta de control, **asociarlo con amlodipino**; en la presentación del algoritmo se especifica: “**ERC con FG 30-59 ml/min: enalapril (las tiazidas no son efectivas y se debe usar furosemida)**” y, si persiste la falta de control, “**Asociar clortalidona + enalapril**” o “**Asociar amlodipino + enalapril**” según el paso del algoritmo. [1] [2]

Las tiazidas no serían útiles en este caso porque la guía indica que en la ERC con FG < 30 ml/min “**las tiazidas no son efectivas**”; para el rango de FG 30-59 ml/min el algoritmo mantiene el uso de tiazidas en los pasos de combinación, pero en FG < 30 ml/min se debe usar furosemida. [2]";"**Guía Terapéutica**- Pág. 98 · PDF 146, **Guía Terapéutica**- Pág. 146 · PDF 194, **Guía Terapéutica**- Pág. 145 · PDF 193 y **Guía Terapéutica**- Pág. 97 · PDF 145.";"Creo que puede ser posible que cuando la información está distribuidas en tabals y poco texto, la herramienta puede tener problemas al expresar todo seguido y que aprezca cohesionado.";"no";""
"30";"partial";"semfyc_eval_terapeutica_2026_01";"semfyc_eval_terapeutica_2026_01_guia-terapeutica_0b23843eaf06";"Guía Terapéutica";"workflow";"medium";"Si un paciente encamado tiene una úlcera por presión y quiero hacer prevención primaria de nuevas lesiones, ¿qué medidas de cuidado de la piel se aconsejan?";"Para la **prevención primaria de las úlceras en el paciente encamado**, se aconseja: - **Utilizar emulsiones O/W con urea al 15%** o una **fórmula magistral** específica. [Guía: Guía Terapéutica, Página: 296] - **Usar ácidos grasos hiperoxigenados solo en zonas de riesgo**. [Guía: Guía Terapéutica, Página: 296] - **Cuidados de la piel limpia y seca**, con protección frente a agresiones físicas y químicas por orina. [Guía: Guía Terapéutica, Página: 295] - **Manejo de la humedad** por sudor, con higiene y cambio frecuente de las sábanas. [Guía: Guía Terapéutica, Página: 295] - **Drenajes con crema barrera**. [Guía: Guía Terapéutica, Página: 295] - **Exudado de heridas: valorar el tipo de apósito**. [Guía: Guía Terapéutica, Página: 295] - **Incontinencia: usar protectores**. [Guía: Guía Terapéutica, Página: 295] - **Estomas: lavado y secado, y protectores barrera tipo óxido de cinc**. [Guía: Guía Terapéutica, Página: 295] - **Mantener la piel del tejido perilesional seca** y usar apósitos y productos de cura húmedos. [Guía: Guía Terapéutica, Página: 296] - **Mantener la piel perilesional seca e hidratada**. [Guía: Guía Terapéutica, Página: 298] **Fuentes consultadas:** - [Guía: Guía Terapéutica, Página: 296] - [Guía: Guía Terapéutica, Página: 295] - [Guía: Guía Terapéutica, Página: 298]";"partial";"complete";"partial";"No separa las medidas generales de las recomendaciones para prevención primaria en pacientes encamados (que es lo que se pregunta). | La respuesta mezcla prevención primaria con medidas generales. Además, da una referencia que corresponde a úlceras vasculares, no por presión.";"Para la **prevención primaria de nuevas úlceras por presión en el paciente encamado**, se aconseja: utilizar **emulsiones O/W con urea 15%** o la fórmula magistral indicada; usar **ácidos grasos hiperoxigenados solo en zonas de riesgo**; **mantener la piel limpia y seca**; **protegerla de agresiones físicas y químicas por orina**; y realizar **higiene y secado cuidadoso**, con especial atención a los pliegues. [1] [2] [3]

Además, en pacientes con riesgo de úlceras por presión se recomienda **extremar los cuidados de la piel en las zonas de apoyo manteniéndola limpia, seca e hidratada**. [4]";"**Guía Terapéutica**- Pág. 248 · PDF 296, **Guía de Actuación 10**- Pág. 115, **Guía Práctica de la Salud - Unidad 12. Enfermedades de la piel y el pelo**- Pág. 13 · PDF 12.";"";"no";"Creo que hay basatante información para rellenar esta pregunta ya que no es tán general y hay contenido de sobra para responderla un poco más completa."
